"0","unique(netflix_movie$country)
"
"1","  [1]"
"1"," ""United States India, South Korea, China""                                                                                   "
"1","
"
"1","  [2]"
"1"," ""United Kingdom""                                                                                                            "
"1","
"
"1","  [3]"
"1"," ""United States""                                                                                                             "
"1","
"
"1","  [4]"
"1"," ""Bulgaria United States, Spain, Canada""                                                                                     "
"1","
"
"1","  [5]"
"1"," ""Chile""                                                                                                                     "
"1","
"
"1","  [6]"
"1"," ""United States United Kingdom, Denmark, Sweden""                                                                             "
"1","
"
"1","  [7]"
"1"," NA                                                                                                                          "
"1","
"
"1","  [8]"
"1"," ""Netherlands Belgium, United Kingdom, United States""                                                                        "
"1","
"
"1","  [9]"
"1"," ""France Belgium""                                                                                                            "
"1","
"
"1"," [10]"
"1"," ""United States Uruguay""                                                                                                     "
"1","
"
"1"," [11]"
"1"," ""Thailand""                                                                                                                  "
"1","
"
"1"," [12]"
"1"," ""China Canada, United States""                                                                                               "
"1","
"
"1"," [13]"
"1"," ""Belgium United Kingdom, United States""                                                                                     "
"1","
"
"1"," [14]"
"1"," ""Belgium France""                                                                                                            "
"1","
"
"1"," [15]"
"1"," ""India""                                                                                                                     "
"1","
"
"1"," [16]"
"1"," ""United States Canada""                                                                                                      "
"1","
"
"1"," [17]"
"1"," ""Pakistan""                                                                                                                  "
"1","
"
"1"," [18]"
"1"," ""Canada""                                                                                                                    "
"1","
"
"1"," [19]"
"1"," ""United Kingdom France""                                                                                                     "
"1","
"
"1"," [20]"
"1"," ""United States United Kingdom""                                                                                              "
"1","
"
"1"," [21]"
"1"," ""South Korea""                                                                                                               "
"1","
"
"1"," [22]"
"1"," ""Denmark United States""                                                                                                     "
"1","
"
"1"," [23]"
"1"," ""United Kingdom United States""                                                                                              "
"1","
"
"1"," [24]"
"1"," ""Turkey United States""                                                                                                      "
"1","
"
"1"," [25]"
"1"," ""Brazil""                                                                                                                    "
"1","
"
"1"," [26]"
"1"," ""Denmark France, Italy, Belgium, Netherlands""                                                                               "
"1","
"
"1"," [27]"
"1"," ""Indonesia""                                                                                                                 "
"1","
"
"1"," [28]"
"1"," ""China""                                                                                                                     "
"1","
"
"1"," [29]"
"1"," ""Spain""                                                                                                                     "
"1","
"
"1"," [30]"
"1"," ""Ireland United Kingdom""                                                                                                    "
"1","
"
"1"," [31]"
"1"," ""Turkey""                                                                                                                    "
"1","
"
"1"," [32]"
"1"," ""Hong Kong""                                                                                                                 "
"1","
"
"1"," [33]"
"1"," ""France Morocco""                                                                                                            "
"1","
"
"1"," [34]"
"1"," ""Hong Kong China""                                                                                                           "
"1","
"
"1"," [35]"
"1"," ""United States Mexico""                                                                                                      "
"1","
"
"1"," [36]"
"1"," ""Vietnam""                                                                                                                   "
"1","
"
"1"," [37]"
"1"," ""France Canada""                                                                                                             "
"1","
"
"1"," [38]"
"1"," ""Spain Argentina""                                                                                                           "
"1","
"
"1"," [39]"
"1"," ""Nigeria""                                                                                                                   "
"1","
"
"1"," [40]"
"1"," ""France""                                                                                                                    "
"1","
"
"1"," [41]"
"1"," ""United States Greece, United Kingdom""                                                                                      "
"1","
"
"1"," [42]"
"1"," ""Norway United Kingdom, France, Ireland""                                                                                    "
"1","
"
"1"," [43]"
"1"," ""France Switzerland, Spain, United States, United Arab Emirates""                                                            "
"1","
"
"1"," [44]"
"1"," ""Canada United States, United Kingdom""                                                                                      "
"1","
"
"1"," [45]"
"1"," ""United Kingdom Canada, United States""                                                                                      "
"1","
"
"1"," [46]"
"1"," ""United States United Kingdom, Canada, Japan""                                                                               "
"1","
"
"1"," [47]"
"1"," ""Canada United States""                                                                                                      "
"1","
"
"1"," [48]"
"1"," ""Ireland""                                                                                                                   "
"1","
"
"1"," [49]"
"1"," ""Cambodia United States""                                                                                                    "
"1","
"
"1"," [50]"
"1"," ""Russia""                                                                                                                    "
"1","
"
"1"," [51]"
"1"," ""Mexico""                                                                                                                    "
"1","
"
"1"," [52]"
"1"," ""United States Denmark""                                                                                                     "
"1","
"
"1"," [53]"
"1"," ""Japan""                                                                                                                     "
"1","
"
"1"," [54]"
"1"," ""Israel United States""                                                                                                      "
"1","
"
"1"," [55]"
"1"," ""Italy""                                                                                                                     "
"1","
"
"1"," [56]"
"1"," ""Netherlands""                                                                                                               "
"1","
"
"1"," [57]"
"1"," ""Brazil United States""                                                                                                      "
"1","
"
"1"," [58]"
"1"," ""United States France""                                                                                                      "
"1","
"
"1"," [59]"
"1"," ""Germany United States, Canada""                                                                                             "
"1","
"
"1"," [60]"
"1"," ""United States Australia""                                                                                                   "
"1","
"
"1"," [61]"
"1"," ""Denmark Brazil, France, Portugal, Sweden""                                                                                  "
"1","
"
"1"," [62]"
"1"," ""France United States""                                                                                                      "
"1","
"
"1"," [63]"
"1"," ""United Arab Emirates""                                                                                                      "
"1","
"
"1"," [64]"
"1"," ""Egypt""                                                                                                                     "
"1","
"
"1"," [65]"
"1"," ""India Germany, Austria""                                                                                                    "
"1","
"
"1"," [66]"
"1"," ""Czech Republic France""                                                                                                     "
"1","
"
"1"," [67]"
"1"," ""United States Senegal""                                                                                                     "
"1","
"
"1"," [68]"
"1"," ""Germany""                                                                                                                   "
"1","
"
"1"," [69]"
"1"," ""India Soviet Union""                                                                                                        "
"1","
"
"1"," [70]"
"1"," ""Argentina Spain""                                                                                                           "
"1","
"
"1"," [71]"
"1"," ""United States Hong Kong""                                                                                                   "
"1","
"
"1"," [72]"
"1"," ""United Kingdom Italy, Israel, Peru, United States""                                                                         "
"1","
"
"1"," [73]"
"1"," ""Argentina Uruguay, Spain, France""                                                                                          "
"1","
"
"1"," [74]"
"1"," ""Argentina""                                                                                                                 "
"1","
"
"1"," [75]"
"1"," ""Pakistan Norway, United States""                                                                                            "
"1","
"
"1"," [76]"
"1"," ""United Kingdom Ukraine, United States""                                                                                     "
"1","
"
"1"," [77]"
"1"," ""Malaysia""                                                                                                                  "
"1","
"
"1"," [78]"
"1"," ""Australia United States""                                                                                                   "
"1","
"
"1"," [79]"
"1"," ""Ireland South Africa""                                                                                                      "
"1","
"
"1"," [80]"
"1"," ""China India, Nepal""                                                                                                        "
"1","
"
"1"," [81]"
"1"," ""United Kingdom Hong Kong""                                                                                                  "
"1","
"
"1"," [82]"
"1"," ""United Kingdom Canada, Italy""                                                                                              "
"1","
"
"1"," [83]"
"1"," ""Spain France""                                                                                                              "
"1","
"
"1"," [84]"
"1"," ""Philippines""                                                                                                               "
"1","
"
"1"," [85]"
"1"," ""United Kingdom India, United States""                                                                                       "
"1","
"
"1"," [86]"
"1"," ""France Belgium, China, United States""                                                                                      "
"1","
"
"1"," [87]"
"1"," ""Mexico United States""                                                                                                      "
"1","
"
"1"," [88]"
"1"," ""United States Indonesia""                                                                                                   "
"1","
"
"1"," [89]"
"1"," ""United Kingdom Germany, Canada""                                                                                            "
"1","
"
"1"," [90]"
"1"," ""Russia Poland, Serbia""                                                                                                     "
"1","
"
"1"," [91]"
"1"," ""Serbia United States""                                                                                                      "
"1","
"
"1"," [92]"
"1"," ""Spain Portugal""                                                                                                            "
"1","
"
"1"," [93]"
"1"," ""Colombia""                                                                                                                  "
"1","
"
"1"," [94]"
"1"," ""United States United Kingdom, Germany""                                                                                     "
"1","
"
"1"," [95]"
"1"," ""Switzerland""                                                                                                               "
"1","
"
"1"," [96]"
"1"," ""Singapore Malaysia""                                                                                                        "
"1","
"
"1"," [97]"
"1"," ""Canada Luxembourg""                                                                                                         "
"1","
"
"1"," [98]"
"1"," ""United States Spain, Germany""                                                                                              "
"1","
"
"1"," [99]"
"1"," ""Egypt Austria, United States""                                                                                              "
"1","
"
"1","[100]"
"1"," ""Peru""                                                                                                                      "
"1","
"
"1","[101]"
"1"," ""United Kingdom United States, Morocco""                                                                                     "
"1","
"
"1","[102]"
"1"," ""United States Bulgaria""                                                                                                    "
"1","
"
"1","[103]"
"1"," ""Belgium Luxembourg, France""                                                                                                "
"1","
"
"1","[104]"
"1"," ""Mexico Argentina""                                                                                                          "
"1","
"
"1","[105]"
"1"," ""United Kingdom Canada, United States, Cayman Islands""                                                                      "
"1","
"
"1","[106]"
"1"," ""United States United Kingdom, Morocco""                                                                                     "
"1","
"
"1","[107]"
"1"," ""Indonesia United States""                                                                                                   "
"1","
"
"1","[108]"
"1"," ""South Africa""                                                                                                              "
"1","
"
"1","[109]"
"1"," ""United States China""                                                                                                       "
"1","
"
"1","[110]"
"1"," ""Netherlands Denmark, South Africa""                                                                                         "
"1","
"
"1","[111]"
"1"," ""United Kingdom Poland, United States""                                                                                      "
"1","
"
"1","[112]"
"1"," ""New Zealand""                                                                                                               "
"1","
"
"1","[113]"
"1"," ""Venezuela""                                                                                                                 "
"1","
"
"1","[114]"
"1"," ""United States Spain""                                                                                                       "
"1","
"
"1","[115]"
"1"," ""Australia United Arab Emirates""                                                                                            "
"1","
"
"1","[116]"
"1"," ""Australia India""                                                                                                           "
"1","
"
"1","[117]"
"1"," ""India Malaysia""                                                                                                            "
"1","
"
"1","[118]"
"1"," ""Canada India, Thailand, United States, United Arab Emirates""                                                               "
"1","
"
"1","[119]"
"1"," ""Italy France""                                                                                                              "
"1","
"
"1","[120]"
"1"," ""Germany Jordan, Netherlands""                                                                                               "
"1","
"
"1","[121]"
"1"," ""Turkey France, Germany, Poland""                                                                                            "
"1","
"
"1","[122]"
"1"," ""United States Israel, United Kingdom, Canada""                                                                              "
"1","
"
"1","[123]"
"1"," ""Saudi Arabia""                                                                                                              "
"1","
"
"1","[124]"
"1"," ""Egypt France""                                                                                                              "
"1","
"
"1","[125]"
"1"," ""Norway Iceland, United States""                                                                                             "
"1","
"
"1","[126]"
"1"," ""Denmark France, Poland""                                                                                                    "
"1","
"
"1","[127]"
"1"," ""United States Germany, Canada""                                                                                             "
"1","
"
"1","[128]"
"1"," ""United States Germany""                                                                                                     "
"1","
"
"1","[129]"
"1"," ""Poland""                                                                                                                    "
"1","
"
"1","[130]"
"1"," ""United States United Kingdom, Australia""                                                                                   "
"1","
"
"1","[131]"
"1"," ""Poland West Germany""                                                                                                       "
"1","
"
"1","[132]"
"1"," ""Germany United States""                                                                                                     "
"1","
"
"1","[133]"
"1"," ""United Kingdom France, United States""                                                                                      "
"1","
"
"1","[134]"
"1"," ""United States Malta, United Kingdom""                                                                                       "
"1","
"
"1","[135]"
"1"," ""United States Sweden""                                                                                                      "
"1","
"
"1","[136]"
"1"," ""Australia""                                                                                                                 "
"1","
"
"1","[137]"
"1"," ""India United States""                                                                                                       "
"1","
"
"1","[138]"
"1"," ""India Australia""                                                                                                           "
"1","
"
"1","[139]"
"1"," ""France Canada, Belgium""                                                                                                    "
"1","
"
"1","[140]"
"1"," ""United States Italy""                                                                                                       "
"1","
"
"1","[141]"
"1"," ""United States Brazil""                                                                                                      "
"1","
"
"1","[142]"
"1"," ""Canada Ireland, United States""                                                                                             "
"1","
"
"1","[143]"
"1"," ""United States France, Canada, Lebanon, Qatar""                                                                              "
"1","
"
"1","[144]"
"1"," ""Switzerland France""                                                                                                        "
"1","
"
"1","[145]"
"1"," ""Norway Germany""                                                                                                            "
"1","
"
"1","[146]"
"1"," ""United Kingdom Canada, Japan""                                                                                              "
"1","
"
"1","[147]"
"1"," ""Chile United States, France""                                                                                               "
"1","
"
"1","[148]"
"1"," ""Brazil France""                                                                                                             "
"1","
"
"1","[149]"
"1"," ""Argentina Chile""                                                                                                           "
"1","
"
"1","[150]"
"1"," ""China Hong Kong""                                                                                                           "
"1","
"
"1","[151]"
"1"," ""South Africa United States, New Zealand, Canada""                                                                           "
"1","
"
"1","[152]"
"1"," ""Austria""                                                                                                                   "
"1","
"
"1","[153]"
"1"," ""Ireland Canada""                                                                                                            "
"1","
"
"1","[154]"
"1"," ""Italy Switzerland, France, Germany""                                                                                        "
"1","
"
"1","[155]"
"1"," ""Mexico Netherlands""                                                                                                        "
"1","
"
"1","[156]"
"1"," ""Peru United States, United Kingdom""                                                                                        "
"1","
"
"1","[157]"
"1"," ""France Senegal, Belgium""                                                                                                   "
"1","
"
"1","[158]"
"1"," ""Germany Canada, United States""                                                                                             "
"1","
"
"1","[159]"
"1"," ""Canada Norway""                                                                                                             "
"1","
"
"1","[160]"
"1"," ""China Morocco, Hong Kong""                                                                                                  "
"1","
"
"1","[161]"
"1"," ""Uruguay""                                                                                                                   "
"1","
"
"1","[162]"
"1"," ""United States United Arab Emirates""                                                                                        "
"1","
"
"1","[163]"
"1"," ""Spain Belgium, Switzerland, United States, China, United Kingdom""                                                          "
"1","
"
"1","[164]"
"1"," ""United Kingdom Germany, Canada, United States""                                                                             "
"1","
"
"1","[165]"
"1"," ""Australia Canada""                                                                                                          "
"1","
"
"1","[166]"
"1"," ""Australia France""                                                                                                          "
"1","
"
"1","[167]"
"1"," ""Germany United Kingdom""                                                                                                    "
"1","
"
"1","[168]"
"1"," ""Italy United States""                                                                                                       "
"1","
"
"1","[169]"
"1"," ""United States New Zealand, United Kingdom""                                                                                 "
"1","
"
"1","[170]"
"1"," ""United Kingdom Germany, United States""                                                                                     "
"1","
"
"1","[171]"
"1"," ""United States Australia, Mexico""                                                                                           "
"1","
"
"1","[172]"
"1"," ""United States South Korea, Japan""                                                                                          "
"1","
"
"1","[173]"
"1"," ""France Iran, United States""                                                                                                "
"1","
"
"1","[174]"
"1"," ""United Kingdom Australia, Canada, United States""                                                                           "
"1","
"
"1","[175]"
"1"," ""France Qatar""                                                                                                              "
"1","
"
"1","[176]"
"1"," ""Finland Germany, Belgium""                                                                                                  "
"1","
"
"1","[177]"
"1"," ""United States Spain, Chile, Peru""                                                                                          "
"1","
"
"1","[178]"
"1"," ""United Arab Emirates United States, United Kingdom""                                                                        "
"1","
"
"1","[179]"
"1"," ""United States Ireland""                                                                                                     "
"1","
"
"1","[180]"
"1"," ""Australia Iraq""                                                                                                            "
"1","
"
"1","[181]"
"1"," ""United States Italy, United Kingdom, Liechtenstein""                                                                        "
"1","
"
"1","[182]"
"1"," ""Hong Kong United States""                                                                                                   "
"1","
"
"1","[183]"
"1"," ""United States United Kingdom, Italy""                                                                                       "
"1","
"
"1","[184]"
"1"," ""United States France, Canada, Spain""                                                                                       "
"1","
"
"1","[185]"
"1"," ""Italy Belgium, France""                                                                                                     "
"1","
"
"1","[186]"
"1"," ""United States United Kingdom, France""                                                                                      "
"1","
"
"1","[187]"
"1"," ""United Kingdom India""                                                                                                      "
"1","
"
"1","[188]"
"1"," ""New Zealand United Kingdom, Australia""                                                                                     "
"1","
"
"1","[189]"
"1"," ""United Kingdom China, United States""                                                                                       "
"1","
"
"1","[190]"
"1"," ""Pakistan United States""                                                                                                    "
"1","
"
"1","[191]"
"1"," ""Canada India""                                                                                                              "
"1","
"
"1","[192]"
"1"," ""India Canada""                                                                                                              "
"1","
"
"1","[193]"
"1"," ""Taiwan""                                                                                                                    "
"1","
"
"1","[194]"
"1"," ""United States Canada, United Kingdom""                                                                                      "
"1","
"
"1","[195]"
"1"," ""Mexico France""                                                                                                             "
"1","
"
"1","[196]"
"1"," ""United Kingdom Belgium, Sweden""                                                                                            "
"1","
"
"1","[197]"
"1"," ""United States India""                                                                                                       "
"1","
"
"1","[198]"
"1"," ""Canada Japan, United States""                                                                                               "
"1","
"
"1","[199]"
"1"," ""Denmark""                                                                                                                   "
"1","
"
"1","[200]"
"1"," ""Italy Switzerland, Albania, Poland""                                                                                        "
"1","
"
"1","[201]"
"1"," ""United Kingdom Thailand""                                                                                                   "
"1","
"
"1","[202]"
"1"," ""United Kingdom Israel, Russia""                                                                                             "
"1","
"
"1","[203]"
"1"," ""United Kingdom South Africa""                                                                                               "
"1","
"
"1","[204]"
"1"," ""Cambodia""                                                                                                                  "
"1","
"
"1","[205]"
"1"," ""Denmark Spain""                                                                                                             "
"1","
"
"1","[206]"
"1"," ""Spain Mexico, France""                                                                                                      "
"1","
"
"1","[207]"
"1"," ""Argentina Italy""                                                                                                           "
"1","
"
"1","[208]"
"1"," ""United Kingdom Pakistan""                                                                                                   "
"1","
"
"1","[209]"
"1"," ""Denmark France, United States, Sweden""                                                                                     "
"1","
"
"1","[210]"
"1"," ""Czech Republic Slovakia""                                                                                                   "
"1","
"
"1","[211]"
"1"," ""Chile Argentina""                                                                                                           "
"1","
"
"1","[212]"
"1"," ""Spain France, Uruguay""                                                                                                     "
"1","
"
"1","[213]"
"1"," ""South Korea Czech Republic""                                                                                                "
"1","
"
"1","[214]"
"1"," ""Italy United States, Argentina""                                                                                            "
"1","
"
"1","[215]"
"1"," ""United States South Africa""                                                                                                "
"1","
"
"1","[216]"
"1"," ""Singapore France""                                                                                                          "
"1","
"
"1","[217]"
"1"," ""United States Japan""                                                                                                       "
"1","
"
"1","[218]"
"1"," ""United States Australia, Samoa, United Kingdom""                                                                            "
"1","
"
"1","[219]"
"1"," ""Spain Switzerland""                                                                                                         "
"1","
"
"1","[220]"
"1"," ""United Arab Emirates Jordan""                                                                                               "
"1","
"
"1","[221]"
"1"," ""United Kingdom Canada, France, United States""                                                                              "
"1","
"
"1","[222]"
"1"," ""United States Chile""                                                                                                       "
"1","
"
"1","[223]"
"1"," ""Bulgaria United States""                                                                                                    "
"1","
"
"1","[224]"
"1"," ""India Japan""                                                                                                               "
"1","
"
"1","[225]"
"1"," ""Austria United States""                                                                                                     "
"1","
"
"1","[226]"
"1"," ""Ghana United States""                                                                                                       "
"1","
"
"1","[227]"
"1"," ""United Kingdom Spain, United States, Germany""                                                                              "
"1","
"
"1","[228]"
"1"," ""United States Cambodia""                                                                                                    "
"1","
"
"1","[229]"
"1"," ""Mexico Finland""                                                                                                            "
"1","
"
"1","[230]"
"1"," ""Canada United States, India, United Kingdom""                                                                               "
"1","
"
"1","[231]"
"1"," ""Iceland""                                                                                                                   "
"1","
"
"1","[232]"
"1"," ""Philippines Qatar""                                                                                                         "
"1","
"
"1","[233]"
"1"," ""Netherlands Belgium, Germany, Jordan""                                                                                      "
"1","
"
"1","[234]"
"1"," ""Venezuela Colombia""                                                                                                        "
"1","
"
"1","[235]"
"1"," ""Brazil Netherlands, United States, Colombia, Austria, Germany""                                                             "
"1","
"
"1","[236]"
"1"," ""Austria Iraq, United States""                                                                                               "
"1","
"
"1","[237]"
"1"," ""Denmark United Kingdom, South Africa, Sweden, Belgium""                                                                     "
"1","
"
"1","[238]"
"1"," ""United States Botswana""                                                                                                    "
"1","
"
"1","[239]"
"1"," ""Iran France""                                                                                                               "
"1","
"
"1","[240]"
"1"," ""United Arab Emirates United States""                                                                                        "
"1","
"
"1","[241]"
"1"," ""United Kingdom Japan, United States""                                                                                       "
"1","
"
"1","[242]"
"1"," ""United Arab Emirates United Kingdom, India""                                                                                "
"1","
"
"1","[243]"
"1"," ""Belgium Netherlands""                                                                                                       "
"1","
"
"1","[244]"
"1"," ""United States Taiwan""                                                                                                      "
"1","
"
"1","[245]"
"1"," ""Sweden""                                                                                                                    "
"1","
"
"1","[246]"
"1"," ""Hungary""                                                                                                                   "
"1","
"
"1","[247]"
"1"," ""India France""                                                                                                              "
"1","
"
"1","[248]"
"1"," ""India Germany""                                                                                                             "
"1","
"
"1","[249]"
"1"," ""Singapore United States""                                                                                                   "
"1","
"
"1","[250]"
"1"," ""Guatemala""                                                                                                                 "
"1","
"
"1","[251]"
"1"," ""Portugal Spain""                                                                                                            "
"1","
"
"1","[252]"
"1"," ""Taiwan Hong Kong, United States, China""                                                                                    "
"1","
"
"1","[253]"
"1"," ""United Kingdom Malawi""                                                                                                     "
"1","
"
"1","[254]"
"1"," ""Paraguay Argentina""                                                                                                        "
"1","
"
"1","[255]"
"1"," ""Somalia Kenya, Sudan, South Africa, United States""                                                                         "
"1","
"
"1","[256]"
"1"," ""Germany Sri Lanka""                                                                                                         "
"1","
"
"1","[257]"
"1"," ""Uruguay Spain, Mexico""                                                                                                     "
"1","
"
"1","[258]"
"1"," ""France Luxembourg, Canada""                                                                                                 "
"1","
"
"1","[259]"
"1"," ""Spain France, Italy""                                                                                                       "
"1","
"
"1","[260]"
"1"," ""France China, Japan, United States""                                                                                        "
"1","
"
"1","[261]"
"1"," ""United Kingdom France, Canada, Belgium, United States""                                                                     "
"1","
"
"1","[262]"
"1"," ""Colombia Mexico""                                                                                                           "
"1","
"
"1","[263]"
"1"," ""Dominican Republic""                                                                                                        "
"1","
"
"1","[264]"
"1"," ""South Korea United States""                                                                                                 "
"1","
"
"1","[265]"
"1"," ""Israel""                                                                                                                    "
"1","
"
"1","[266]"
"1"," ""Chile Argentina, France, Spain, United States""                                                                             "
"1","
"
"1","[267]"
"1"," ""Russia Spain""                                                                                                              "
"1","
"
"1","[268]"
"1"," ""Netherlands United States""                                                                                                 "
"1","
"
"1","[269]"
"1"," ""Thailand China, United States""                                                                                             "
"1","
"
"1","[270]"
"1"," ""United States Canada, Ireland""                                                                                             "
"1","
"
"1","[271]"
"1"," ""United States Iceland""                                                                                                     "
"1","
"
"1","[272]"
"1"," ""Argentina United States""                                                                                                   "
"1","
"
"1","[273]"
"1"," ""United States France, United Kingdom, Japan""                                                                               "
"1","
"
"1","[274]"
"1"," ""United Kingdom United States, Australia""                                                                                   "
"1","
"
"1","[275]"
"1"," ""Germany United States, Sweden""                                                                                             "
"1","
"
"1","[276]"
"1"," ""United States Canada, Japan, Panama""                                                                                       "
"1","
"
"1","[277]"
"1"," ""Sweden United States""                                                                                                      "
"1","
"
"1","[278]"
"1"," ""Chile Peru""                                                                                                                "
"1","
"
"1","[279]"
"1"," ""Norway""                                                                                                                    "
"1","
"
"1","[280]"
"1"," ""Israel Sweden, Germany, Netherlands""                                                                                       "
"1","
"
"1","[281]"
"1"," ""Romania""                                                                                                                   "
"1","
"
"1","[282]"
"1"," ""Denmark Sweden, Israel, United States""                                                                                     "
"1","
"
"1","[283]"
"1"," ""Switzerland United States""                                                                                                 "
"1","
"
"1","[284]"
"1"," ""Finland Sweden, Norway, Latvia, Germany""                                                                                   "
"1","
"
"1","[285]"
"1"," ""France United Kingdom, India""                                                                                              "
"1","
"
"1","[286]"
"1"," ""Italy France, Switzerland""                                                                                                 "
"1","
"
"1","[287]"
"1"," ""France Luxembourg, United States""                                                                                          "
"1","
"
"1","[288]"
"1"," ""India United Kingdom""                                                                                                      "
"1","
"
"1","[289]"
"1"," ""China Hong Kong, United States""                                                                                            "
"1","
"
"1","[290]"
"1"," ""Singapore Japan, France""                                                                                                   "
"1","
"
"1","[291]"
"1"," ""United Kingdom Poland""                                                                                                     "
"1","
"
"1","[292]"
"1"," ""Philippines Singapore""                                                                                                     "
"1","
"
"1","[293]"
"1"," ""United States China, Hong Kong""                                                                                            "
"1","
"
"1","[294]"
"1"," ""Canada Mexico, Germany, South Africa""                                                                                      "
"1","
"
"1","[295]"
"1"," ""United Kingdom New Zealand""                                                                                                "
"1","
"
"1","[296]"
"1"," ""United States Brazil, India, Uganda, China""                                                                                "
"1","
"
"1","[297]"
"1"," ""United Kingdom Germany""                                                                                                    "
"1","
"
"1","[298]"
"1"," ""China United States, United Kingdom""                                                                                       "
"1","
"
"1","[299]"
"1"," ""Slovenia Croatia, Germany, Czech Republic, Qatar""                                                                          "
"1","
"
"1","[300]"
"1"," ""Germany Australia""                                                                                                         "
"1","
"
"1","[301]"
"1"," ""China United States, Australia""                                                                                            "
"1","
"
"1","[302]"
"1"," ""Russia United States""                                                                                                      "
"1","
"
"1","[303]"
"1"," ""Ireland Canada, United Kingdom, United States""                                                                             "
"1","
"
"1","[304]"
"1"," ""Australia United Kingdom, Canada""                                                                                          "
"1","
"
"1","[305]"
"1"," ""Canada Spain, France""                                                                                                      "
"1","
"
"1","[306]"
"1"," ""United Kingdom Denmark, Canada, Croatia""                                                                                   "
"1","
"
"1","[307]"
"1"," ""Argentina France, Germany""                                                                                                 "
"1","
"
"1","[308]"
"1"," ""Switzerland United Kingdom, United States""                                                                                 "
"1","
"
"1","[309]"
"1"," ""Argentina Chile, Peru""                                                                                                     "
"1","
"
"1","[310]"
"1"," ""Germany France, Luxembourg, United Kingdom, United States""                                                                 "
"1","
"
"1","[311]"
"1"," ""Taiwan China, France, United States""                                                                                       "
"1","
"
"1","[312]"
"1"," ""Germany Italy""                                                                                                             "
"1","
"
"1","[313]"
"1"," ""Denmark United Kingdom""                                                                                                    "
"1","
"
"1","[314]"
"1"," ""Germany United Kingdom, United States""                                                                                     "
"1","
"
"1","[315]"
"1"," ""United States Czech Republic, United Kingdom""                                                                              "
"1","
"
"1","[316]"
"1"," ""United States Czech Republic""                                                                                              "
"1","
"
"1","[317]"
"1"," ""Hong Kong Taiwan""                                                                                                          "
"1","
"
"1","[318]"
"1"," ""Croatia Slovenia, Serbia, Montenegro""                                                                                      "
"1","
"
"1","[319]"
"1"," ""United States France, Italy, United Kingdom""                                                                               "
"1","
"
"1","[320]"
"1"," ""Bangladesh""                                                                                                                "
"1","
"
"1","[321]"
"1"," ""India Nepal""                                                                                                               "
"1","
"
"1","[322]"
"1"," ""United Kingdom Jordan, Qatar, Iran""                                                                                        "
"1","
"
"1","[323]"
"1"," ""Norway Denmark, Sweden""                                                                                                    "
"1","
"
"1","[324]"
"1"," ""Iceland Sweden, Belgium""                                                                                                   "
"1","
"
"1","[325]"
"1"," ""United States India, United Arab Emirates""                                                                                 "
"1","
"
"1","[326]"
"1"," ""India Pakistan""                                                                                                            "
"1","
"
"1","[327]"
"1"," ""Switzerland Vatican City, Italy, Germany, France""                                                                          "
"1","
"
"1","[328]"
"1"," ""Indonesia Singapore""                                                                                                       "
"1","
"
"1","[329]"
"1"," ""United Kingdom United States, Spain, Germany, Greece, Canada""                                                              "
"1","
"
"1","[330]"
"1"," ""Singapore""                                                                                                                 "
"1","
"
"1","[331]"
"1"," ""Spain Belgium""                                                                                                             "
"1","
"
"1","[332]"
"1"," ""Spain United Kingdom, United States""                                                                                       "
"1","
"
"1","[333]"
"1"," ""United States United Kingdom, France, Germany, Japan""                                                                      "
"1","
"
"1","[334]"
"1"," ""United Kingdom Egypt, United States""                                                                                       "
"1","
"
"1","[335]"
"1"," ""United States India, Malaysia, Taiwan, Canada, United Kingdom""                                                             "
"1","
"
"1","[336]"
"1"," ""United Kingdom Spain, Belgium""                                                                                             "
"1","
"
"1","[337]"
"1"," ""Germany United States, United Kingdom, Canada""                                                                             "
"1","
"
"1","[338]"
"1"," ""Soviet Union India""                                                                                                        "
"1","
"
"1","[339]"
"1"," ""Ireland United Kingdom, Italy, United States""                                                                              "
"1","
"
"1","[340]"
"1"," ""Austria Czech Republic""                                                                                                    "
"1","
"
"1","[341]"
"1"," ""United Kingdom Ireland""                                                                                                    "
"1","
"
"1","[342]"
"1"," ""Czech Republic United States""                                                                                              "
"1","
"
"1","[343]"
"1"," ""United States Greece, Brazil""                                                                                              "
"1","
"
"1","[344]"
"1"," ""Lebanon Qatar""                                                                                                             "
"1","
"
"1","[345]"
"1"," ""United Kingdom United States, Dominican Republic""                                                                          "
"1","
"
"1","[346]"
"1"," ""Brazil India, China, United States""                                                                                        "
"1","
"
"1","[347]"
"1"," ""Indonesia South Korea, Singapore""                                                                                          "
"1","
"
"1","[348]"
"1"," ""United States Canada, France""                                                                                              "
"1","
"
"1","[349]"
"1"," ""Brazil France, Germany""                                                                                                    "
"1","
"
"1","[350]"
"1"," ""United States France, Mexico""                                                                                              "
"1","
"
"1","[351]"
"1"," ""United States South Korea""                                                                                                 "
"1","
"
"1","[352]"
"1"," ""United States United Kingdom, Canada""                                                                                      "
"1","
"
"1","[353]"
"1"," ""United States Canada, Germany""                                                                                             "
"1","
"
"1","[354]"
"1"," ""Mexico Spain""                                                                                                              "
"1","
"
"1","[355]"
"1"," ""Germany France, United States, Canada, United Kingdom""                                                                     "
"1","
"
"1","[356]"
"1"," ""Australia United Kingdom""                                                                                                  "
"1","
"
"1","[357]"
"1"," ""United States Germany, United Kingdom""                                                                                     "
"1","
"
"1","[358]"
"1"," ""United States Germany, United Kingdom, Italy""                                                                              "
"1","
"
"1","[359]"
"1"," ""New Zealand United States""                                                                                                 "
"1","
"
"1","[360]"
"1"," ""United States Germany, Mexico""                                                                                             "
"1","
"
"1","[361]"
"1"," ""South Africa United States""                                                                                                "
"1","
"
"1","[362]"
"1"," ""United States East Germany, West Germany""                                                                                  "
"1","
"
"1","[363]"
"1"," ""France United States, Mexico""                                                                                              "
"1","
"
"1","[364]"
"1"," ""United Kingdom Brazil, Germany""                                                                                            "
"1","
"
"1","[365]"
"1"," ""United States India, Bangladesh""                                                                                           "
"1","
"
"1","[366]"
"1"," ""Germany Belgium""                                                                                                           "
"1","
"
"1","[367]"
"1"," ""Canada France, Italy, Morocco, United States""                                                                              "
"1","
"
"1","[368]"
"1"," ""Denmark Germany, Belgium, United Kingdom, France""                                                                          "
"1","
"
"1","[369]"
"1"," ""Belgium Ireland, Netherlands, Germany, Afghanistan""                                                                        "
"1","
"
"1","[370]"
"1"," ""United States Venezuela""                                                                                                   "
"1","
"
"1","[371]"
"1"," ""Canada United Kingdom, Netherlands""                                                                                        "
"1","
"
"1","[372]"
"1"," ""United Kingdom Canada""                                                                                                     "
"1","
"
"1","[373]"
"1"," ""Georgia""                                                                                                                   "
"1","
"
"1","[374]"
"1"," ""New Zealand United Kingdom""                                                                                                "
"1","
"
"1","[375]"
"1"," ""Italy India""                                                                                                               "
"1","
"
"1","[376]"
"1"," ""Belgium India, Australia""                                                                                                  "
"1","
"
"1","[377]"
"1"," ""United States Canada, Belgium, United Kingdom""                                                                             "
"1","
"
"1","[378]"
"1"," ""United States Spain, Italy""                                                                                                "
"1","
"
"1","[379]"
"1"," ""Serbia South Korea, Slovenia""                                                                                              "
"1","
"
"1","[380]"
"1"," ""France Netherlands, South Africa, Finland""                                                                                 "
"1","
"
"1","[381]"
"1"," ""China United States""                                                                                                       "
"1","
"
"1","[382]"
"1"," ""Denmark Indonesia, Finland, Norway, United Kingdom, Israel, France, United States, Germany, Netherlands""                   "
"1","
"
"1","[383]"
"1"," ""Netherlands Denmark, France, Germany""                                                                                      "
"1","
"
"1","[384]"
"1"," ""Ireland Canada, Luxembourg, United States""                                                                                 "
"1","
"
"1","[385]"
"1"," ""Spain Italy, Argentina""                                                                                                    "
"1","
"
"1","[386]"
"1"," ""United Kingdom United States, Russia""                                                                                      "
"1","
"
"1","[387]"
"1"," ""United Kingdom France, Germany""                                                                                            "
"1","
"
"1","[388]"
"1"," ""Czech Republic United Kingdom, France""                                                                                     "
"1","
"
"1","[389]"
"1"," ""Chile Spain, Argentina, Germany""                                                                                           "
"1","
"
"1","[390]"
"1"," ""Australia United Kingdom, United States, New Zealand, Italy, France""                                                       "
"1","
"
"1","[391]"
"1"," ""United Kingdom Namibia, South Africa, Zimbabwe, United States""                                                             "
"1","
"
"1","[392]"
"1"," ""France Germany, Switzerland""                                                                                               "
"1","
"
"1","[393]"
"1"," ""West Germany""                                                                                                              "
"1","
"
"1","[394]"
"1"," ""United Kingdom United States, France, Germany""                                                                             "
"1","
"
"1","[395]"
"1"," ""Denmark China""                                                                                                             "
"1","
"
"1","[396]"
"1"," ""France Germany, Czech Republic, Belgium""                                                                                   "
"1","
"
"1","[397]"
"1"," ""South Africa Germany, Netherlands, France""                                                                                 "
"1","
"
"1","[398]"
"1"," ""China South Korea, United States""                                                                                          "
"1","
"
"1","[399]"
"1"," ""United States Hungary""                                                                                                     "
"1","
"
"1","[400]"
"1"," ""Israel Germany""                                                                                                            "
"1","
"
"1","[401]"
"1"," ""Thailand United States""                                                                                                    "
"1","
"
"1","[402]"
"1"," ""Japan United States""                                                                                                       "
"1","
"
"1","[403]"
"1"," ""Uruguay Argentina, Spain""                                                                                                  "
"1","
"
"1","[404]"
"1"," ""Sweden Netherlands""                                                                                                        "
"1","
"
"1","[405]"
"1"," ""Argentina Uruguay, Serbia""                                                                                                 "
"1","
"
"1","[406]"
"1"," ""United States France, Japan""                                                                                               "
"1","
"
"1","[407]"
"1"," ""France Poland""                                                                                                             "
"1","
"
"1","[408]"
"1"," ""France Japan""                                                                                                              "
"1","
"
"1","[409]"
"1"," ""Australia United Kingdom, United Arab Emirates, Canada""                                                                    "
"1","
"
"1","[410]"
"1"," ""Poland United States""                                                                                                      "
"1","
"
"1","[411]"
"1"," ""United Kingdom Italy, Argentina, United States""                                                                            "
"1","
"
"1","[412]"
"1"," ""France South Korea, Japan""                                                                                                 "
"1","
"
"1","[413]"
"1"," ""Australia France, Ireland""                                                                                                 "
"1","
"
"1","[414]"
"1"," ""Ireland United Kingdom, Greece, France, Netherlands""                                                                       "
"1","
"
"1","[415]"
"1"," ""Thailand Canada, United States""                                                                                            "
"1","
"
"1","[416]"
"1"," ""United Kingdom United States, Germany, Denmark, Belgium, Japan""                                                            "
"1","
"
"1","[417]"
"1"," ""Canada Germany, France, United States""                                                                                     "
"1","
"
"1","[418]"
"1"," ""Ghana""                                                                                                                     "
"1","
"
"1","[419]"
"1"," ""United States Nicaragua""                                                                                                   "
"1","
"
"1","[420]"
"1"," ""South Korea China, United States""                                                                                          "
"1","
"
"1","[421]"
"1"," ""Israel Germany, France""                                                                                                    "
"1","
"
"1","[422]"
"1"," ""Brazil Canada""                                                                                                             "
"1","
"
"1","[423]"
"1"," ""Belgium""                                                                                                                   "
"1","
"
"1","[424]"
"1"," ""Canada France, United States""                                                                                              "
"1","
"
"1","[425]"
"1"," ""United Kingdom India, Sweden""                                                                                              "
"1","
"
"1","[426]"
"1"," ""India United Kingdom, Canada, United States""                                                                               "
"1","
"
"1","[427]"
"1"," ""Sweden United Kingdom, Finland""                                                                                            "
"1","
"
"1","[428]"
"1"," ""Romania Bulgaria, Hungary""                                                                                                 "
"1","
"
"1","[429]"
"1"," ""Norway Denmark, Netherlands, Sweden""                                                                                       "
"1","
"
"1","[430]"
"1"," ""Hong Kong China, United States""                                                                                            "
"1","
"
"1","[431]"
"1"," ""India Mexico""                                                                                                              "
"1","
"
"1","[432]"
"1"," ""Georgia Germany, France""                                                                                                   "
"1","
"
"1","[433]"
"1"," ""India Switzerland""                                                                                                         "
"1","
"
"1","[434]"
"1"," ""United Arab Emirates Romania""                                                                                              "
"1","
"
"1","[435]"
"1"," ""United States Kazakhstan""                                                                                                  "
"1","
"
"1","[436]"
"1"," ""France China, Canada""                                                                                                      "
"1","
"
"1","[437]"
"1"," ""China Japan""                                                                                                               "
"1","
"
"1","[438]"
"1"," ""United Kingdom France, Belgium, United States""                                                                             "
"1","
"
"1","[439]"
"1"," ""Spain Germany""                                                                                                             "
"1","
"
"1","[440]"
"1"," ""Canada Spain""                                                                                                              "
"1","
"
"1","[441]"
"1"," ""France Belgium, Spain""                                                                                                     "
"1","
"
"1","[442]"
"1"," ""Denmark Germany, Belgium, United Kingdom, France, Sweden""                                                                  "
"1","
"
"1","[443]"
"1"," ""China Taiwan""                                                                                                              "
"1","
"
"1","[444]"
"1"," ""Israel Germany, Poland, Luxembourg, Belgium, France, United States""                                                        "
"1","
"
"1","[445]"
"1"," ""India Turkey""                                                                                                              "
"1","
"
"1","[446]"
"1"," ""United Kingdom France, Belgium""                                                                                            "
"1","
"
"1","[447]"
"1"," ""Spain Mexico""                                                                                                              "
"1","
"
"1","[448]"
"1"," ""Australia Armenia, Japan, Jordan, Mexico, Mongolia, New Zealand, Philippines, South Africa, Sweden, United States, Uruguay"""
"1","
"
"1","[449]"
"1"," ""United States Argentina""                                                                                                   "
"1","
"
"1","[450]"
"1"," ""United States Bermuda, Ecuador""                                                                                            "
"1","
"
"1","[451]"
"1"," ""India Iran""                                                                                                                "
"1","
"
"1","[452]"
"1"," ""United Kingdom South Korea""                                                                                                "
"1","
"
"1","[453]"
"1"," ""United States Germany, Australia""                                                                                          "
"1","
"
"1","[454]"
"1"," ""Argentina France""                                                                                                          "
"1","
"
"1","[455]"
"1"," ""Germany United States, Hong Kong, Singapore""                                                                               "
"1","
"
"1","[456]"
"1"," ""Chile France""                                                                                                              "
"1","
"
"1","[457]"
"1"," ""South Africa China, United States""                                                                                         "
"1","
"
"1","[458]"
"1"," ""Netherlands Belgium""                                                                                                       "
"1","
"
"1","[459]"
"1"," ""United States Morocco""                                                                                                     "
"1","
"
"1","[460]"
"1"," ""Spain Colombia""                                                                                                            "
"1","
"
"1","[461]"
"1"," ""Bulgaria""                                                                                                                  "
"1","
"
"1","[462]"
"1"," ""Turkey India""                                                                                                              "
"1","
"
"1","[463]"
"1"," ""Italy Turkey""                                                                                                              "
"1","
"
"1","[464]"
"1"," ""Hong Kong China, Singapore""                                                                                                "
"1","
"
"1","[465]"
"1"," ""Canada United Kingdom, United States""                                                                                      "
"1","
"
"1","[466]"
"1"," ""United States Australia, China""                                                                                            "
"1","
"
"1","[467]"
"1"," ""United Kingdom Norway, Denmark, Germany, Sweden""                                                                           "
"1","
"
"1","[468]"
"1"," ""South Africa United States, Germany""                                                                                       "
"1","
"
"1","[469]"
"1"," ""Denmark Zimbabwe""                                                                                                          "
"1","
"
"1","[470]"
"1"," ""United States Australia, South Africa, United Kingdom""                                                                     "
"1","
"
"1","[471]"
"1"," ""China Germany, India, United States""                                                                                       "
"1","
"
"1","[472]"
"1"," ""Portugal France, Poland, United States""                                                                                    "
"1","
"
"1","[473]"
"1"," ""United Kingdom China, Canada, Indonesia, Singapore, United States""                                                         "
"1","
"
"1","[474]"
"1"," ""France Netherlands, Singapore""                                                                                             "
"1","
"
"1","[475]"
"1"," ""Ireland United States, France""                                                                                             "
"1","
"
"1","[476]"
"1"," ""Pakistan United Arab Emirates""                                                                                             "
"1","
"
"1","[477]"
"1"," ""Argentina Brazil, France, Poland, Germany, Denmark""                                                                        "
"1","
"
"1","[478]"
"1"," ""United States United Kingdom, Spain, South Korea""                                                                          "
"1","
"
"1","[479]"
"1"," ""United Kingdom Italy, France, United States""                                                                               "
"1","
"
"1","[480]"
"1"," ""United Kingdom Russia""                                                                                                     "
"1","
"
